Country,Trade Value 2000,Trade Value 2005,Trade Value 2010,Trade Value 2015,Trade Value 2020,Trade Value 2022
China,813778698.0,2701530993.0,9999286522.0,5503976287.0,9538153540.0,13384475840.0
Italy,680356682.9999999,3888645074.000001,8623065344.0,8203305728.0,6759672966.0,12448587500.0
Russia,1963350351.0,2945623363.0,3005454036.0,4692152879.0,5295630287.0,8779781489.0
United Kingdom,315429317.0,354487722.0,1389181235.0,870830800.0,791078011.0,8006286526.0
Netherlands,87685578.0,870967378.0,4167995660.0,4955752099.0,3139220001.0,5477252889.999999
